{"pen": {"center_x_ratio": 0.5484375, "center_y_ratio": 0.5847222222222223}, "cap": {"center_x_ratio": 0.4640625, "center_y_ratio": 0.6229166666666667}}